1	07.11.2024	15300.00	За участие в конференции в г. Майкоп по договору 88.367840-ДВ от 11 апреля 2026	SERVICE
2	07.11.2024	40200,00	За оказание услуг по договору №79-02726В от 01/01/2024г.	SERVICE
3	07.11.2024	1440-00	Оплата за Порошок стиральный Ariel Color automat 3кг по счету 89649723803465939448 от 14 августа 2024г Сумма 1440-00	NON_FOOD_GOODS
4	07.11.2024	240000000-00	Возврат денежных средств по договору займа №04156А от 11/12/2023. Без НДС	LOAN
5	07.11.2024	1360000.00	Оплата Дог №452 от 13/03/2021, согл. Сч 0745-27 от 09.03.2024г оплата за сброс загрязняющих веществ	NOT_CLASSIFIED
6	07.11.2024	1820000,00	Оплата по дог.финансовой аренды №Б00358 от 30.03.2024 г., акт приема-передачи 855 от 04.06.2024г.. В т.ч. НДС(20%) 303333,33	LEASING
7	07.11.2024	4900,00	Оплата за Мицеллярная вода Чистая Линия Цветочная 3в1 для всех типов кожи 400мл по счету 08804953061434955152 от 08 мая 2027г Сумма 4900,00	NON_FOOD_GOODS
8	07.11.2024	3250,00	Оплата за Стиральные порошки по счету 19434127004879168364 от 05.06.2026г. Сумма 3250,00	NON_FOOD_GOODS
9	07.11.2024	5000,00	Оплата по договору №Е01368 от 03 августа 2027г, счету 0540 от 03 августа 2027г за мясные деликатесы. Сумма 5000,00 В т.ч. НДС 20% 833,33	FOOD_GOODS
10	07.11.2024	1840000.00	Оплата по договору процентного займа б/н от 21.06.2024 г.. Без НДС	LOAN
11	07.11.2024	600000-00	Оплата по договору процентного займа №19-01414Б от 12.10.2024г.. Без НДС	LOAN
12	07.11.2024	1060000,00	Предоставление кредита по договору №1-02744/77 от 17.12.2025 г. (приобретение недвижимости)	BANK_SERVICE
13	07.11.2024	11900,00	За тур.поездку по договору №Д-03749/70 от 12 сентября 2024	SERVICE
14	07.11.2024	3910,00	За гостиницу (Россия, г. Королёв)	SERVICE
15	07.11.2024	3170000-00	Оплата по договору процентного займа №02891Г от 2023.09.19. Без НДС	LOAN
16	07.11.2024	9600-00	Лечение по договору №Е-00248/69 от 28.12.2026	SERVICE
17	07.11.2024	1840,00	Оплата за Хлопья овсяные Ясно Солнышко №3 350г по счету 85386123522550808468 от 27.10.2027 Сумма 1840,00	FOOD_GOODS
18	07.11.2024	1380000.00	Предоплата за автозапчасти по счету 0067 от 27.07.2026 г. года; Договор 26.072663-АБ от 08 октября 2028 г.	NON_FOOD_GOODS
19	07.11.2024	2230-00	Оплата гос. пошлины	TAX
20	07.11.2024	3380,00	Оплата за Суперклей Liberhaus Универсал 3г по счету 80621549698721971780 от 2027.06.04 Сумма 3380,00	NON_FOOD_GOODS
21	07.11.2024	3600.00	Комиссия за организацию сделки по дог. лизинга 61.029739-БА. Сумма 14/06/2024, в т.ч. НДС 20% 3600.00	LEASING
22	07.11.2024	2820-00	государственная пошлина	TAX
23	07.11.2024	3540000,00	Оплата по договору №083 от 18/09/2024, за сырьё для пищевой промышленности в т.ч. НДС 20% 590000,0	FOOD_GOODS
24	07.11.2024	11300-00	Оказание прочих услуг	SERVICE
25	07.11.2024	2220000,00	Покупка продовольственных товаров	FOOD_GOODS
26	07.11.2024	4530000,00	Окончательный расчет по акту приема-передачи №0307 от 09 декабря 2024 г. (договор лизинга №30А-03482 от 23.02.2023г.). В т.ч. НДС(20%) 755000,0	LEASING
27	07.11.2024	2020-00	Комиссия за организацию сделки по дог. лизинга №295. Сумма 26/08/2024г., в т.ч. НДС 20% 2020-00	LEASING
28	07.11.2024	2340.00	Оплата за Леденцы Бон Пари Фруктовый Микс 75г по счету 39280444762325870629 от 24.10.2023 г. Сумма 2340.00	FOOD_GOODS
29	07.11.2024	4030000.00	ПРЕДОПЛАТА ПО ДОГ. №В03501 за Раствор водный натриевых солей (поли)акриловой кислотыСумма 4030000.00 в т.ч.НДС  671666.66	NON_FOOD_GOODS
30	07.11.2024	42500,00	Оплата по договору №01552В от 16.03.2023г, счету 0855 от 16.03.2023г за мясные деликатесы. Сумма 42500,00 В т.ч. НДС 20% 7083,33	FOOD_GOODS
31	07.11.2024	1290.00	Оплата за Сковорода Гардарика Гранит c утолщенным дном из литого алюминия 24см по счету 28222764741752799303 от 20.12.2023 г. Сумма 1290.00	NON_FOOD_GOODS
32	07.11.2024	1640-00	Оплата коммунальных услуг	SERVICE
33	07.11.2024	3520-00	Оплата за Хлопья овсяные Ясно Солнышко №3 350г по счету 14326045719937662209 от 2024-02-18 Сумма 3520-00	FOOD_GOODS
34	07.11.2024	4010-00	За гостиницу (Россия, г. Кемерово)	SERVICE
35	07.11.2024	1140000.00	Оплата за запчасти по договору поставки №В03051/06 от 23/08/2024г. (ГБД 0482 АО Автодом Ауди по счету №0424	NON_FOOD_GOODS
36	07.11.2024	23800.00	Комиссия за выполнение функций агента валютного контроля по операциям в рамках контракта или кредитного обслуживания	BANK_SERVICE
37	07.11.2024	2750000.00	Оплата по договору №097 от 24/02/2028г., за сырьё для пищевой промышленности в т.ч. НДС 20% 458333.33	FOOD_GOODS
38	07.11.2024	19100-00	Оплата по сч. 0486 от 2028.01.02 за пищев. добавку (890,50 ев.) курс 104,4016. В т.ч. НДС 20% - 15 494,94	FOOD_GOODS
39	07.11.2024	33600,00	Комиссия за выполнение функций агента валютного контроля по операциям в рамках контракта или кредитного обслуживания	BANK_SERVICE
40	07.11.2024	4530000.00	Оплата по договору лизинга №03206А от 12.09.2023г., акт приема-передачи 0748 от 2024-07-15. В т.ч. НДС(20%) 755000.0	LEASING
41	07.11.2024	4930,00	Оплата за Дезодорант - антиперспирант Рексона Женский спрей нежно и сочно 150мл по счету 19180211594966965582 от 07.04.2024г Сумма 4930,00	NON_FOOD_GOODS
42	07.11.2024	2250-00	гос.услуга	TAX
43	07.11.2024	1420-00	За гостиницу (Россия, г. Омск)	SERVICE
44	07.11.2024	27100,00	Оплата по сч. 0507 от 23.05.2027г за абхазсие мандарины. Сумма 27100,00 В т.ч. НДС 20% - 4516,66	FOOD_GOODS
45	07.11.2024	27500.00	Покупка непродовольственных товаров (не связано с предпринимательской деятельностью)	NON_FOOD_GOODS
46	07.11.2024	10100,00	Счет на оплату № 0646 от 21/09/2028г.МКР для фильтрпресса. Сумма 10100,00В т.ч. НДС(20%) 1683,33	NON_FOOD_GOODS
47	07.11.2024	4980,00	Комиссия за справку о движении по счету (обороты) по письменному запросу клиента п.1.1.6 согласно	BANK_SERVICE
48	07.11.2024	3340-00	Оплата за Аэрозоль Mosquitall Профессиональная защита от всех насекомых 150мл по счету 82119020680502749541 от 31.08.2025 г. Сумма 3340-00	NON_FOOD_GOODS
49	07.11.2024	1920000,00	Окончательный расчет по акту приема-передачи №0793 от 13.04.2024г. (договор лизинга №39-02681Б от 24.09.2023 г.). В т.ч. НДС(20%) 320000,0	LEASING
50	07.11.2024	3570000.00	Оплата по договору №83-02659Е от 15.01.2026г.. сырье для пвадСумма 3570000.00В т.ч. НДС(20%) 595000.0	NON_FOOD_GOODS
51	07.11.2024	7400-00	За оказание услуг по договору №099 от 23 апреля 2024	SERVICE
52	07.11.2024	49200-00	Оплата по сч. 0811 от 21/11/2023 за пищев. добавку (890,50 ев.) курс 104,4016. В т.ч. НДС 20% - 15 494,94	FOOD_GOODS
53	07.11.2024	5100-00	Оплата по договору №Г03983 от 27.04.2028г., счету 0748 от 27.04.2028г. за мясные деликатесы. Сумма 5100-00 В т.ч. НДС 20% 850-00	FOOD_GOODS
54	07.11.2024	2660.00	Оплата за Фольга алюминиевая Econta для хранения и упаковки продуктов 10м по счету 21807431808782304474 от 23 мая 2027г Сумма 2660.00	NON_FOOD_GOODS
55	07.11.2024	2370.00	Оплата за Приправа Красная цена для курицы 15 г по счету 96316606692990618311 от 17/08/2026 Сумма 2370.00	FOOD_GOODS
56	07.11.2024	1560000-00	Оплата аванса за ГСМ по счету А-0571 от 15.12.2024 г. к Договору №245 от 04/01/2025г.. на сумму 1560000-00В т.ч. НДС(20%) 260000-00	NON_FOOD_GOODS
57	07.11.2024	2060000.00	Покупка продовольственных товаров	FOOD_GOODS
58	07.11.2024	1390-00	Оплата гос. услуги	TAX
59	07.11.2024	46400-00	Частичная оплата по счету № 0842 от 19.08.2027 за костюмы ФаворитСумма 46400-00В т.ч. НДС(20%) 7733-33	NON_FOOD_GOODS
60	07.11.2024	4860.00	Оплата за Зубная паста Colgate защита от кариеса свежая мята 100мл по счету 44521151534681595987 от 29 сентября 2023 Сумма 4860.00	NON_FOOD_GOODS
61	07.11.2024	1580-00	Оплата за Торты и пирожные по счету 38687155715372907586 от 25.05.2026 г. Сумма 1580-00	FOOD_GOODS
62	07.11.2024	1960000-00	Пополнение оборотных средств. НДС не облагается.	NOT_CLASSIFIED
63	07.11.2024	6500-00	За медицинское обслуживание по договору №5-00651/69 от 30/06/2027	SERVICE
64	07.11.2024	174000000,00	Возврат денежных средств по договору займа №91-00906Е от 14/04/2023г.. Без НДС	LOAN
65	07.11.2024	19400-00	Оплата минеральной питьевой воды по счету 14790110328625894910 от 07.09.2026 Сумма 19400-00 без учета НДС	FOOD_GOODS
66	07.11.2024	1550.00	Оплата за Пакет Rose ButterFly с пластиковыми ручками в ассортименте по счету 31785844389451119758 от 09.05.2028 Сумма 1550.00	NON_FOOD_GOODS
67	07.11.2024	5800-00	Оплата по счету 0808 от 25 января 2028 за Red Bull. Сумма 5800-00 без учета НДС	FOOD_GOODS
68	07.11.2024	4870,00	государственная пошлина	TAX
69	07.11.2024	204000000-00	Возврат денежных средств по договору займа №02437Г от 13.06.2023. Без НДС	LOAN
70	07.11.2024	1900,00	Комиссия за справку о наличии (отсутствии) ссудной задолженности по письменному запросу клиента	BANK_SERVICE
71	07.11.2024	45700.00	Оплата по счету 0201 от 17.11.2025г. за Red Bull. Сумма 45700.00 без учета НДС	FOOD_GOODS
72	07.11.2024	840000,00	За строительные работы по адресу г. Магнитогорск, Лесная ул., д. 3 по договору №40-03324В от 27/08/2025	SERVICE
73	07.11.2024	10200.00	Оплата по сч. 0668 от 23/09/2028 за абхазсие мандарины. Сумма 10200.00 В т.ч. НДС 20% - 1700.0	FOOD_GOODS
74	07.11.2024	4780-00	Оплата за Лампочки по счету 72667234388083990008 от 03.02.2026г. Сумма 4780-00	NON_FOOD_GOODS
75	07.11.2024	10400,00	За консультации юриста по договору №62Г-02182 от 25.01.2027	SERVICE
76	07.11.2024	47200.00	Оплата по сч. 0833 от 10 марта 2023 г. за абхазсие мандарины. Сумма 47200.00 В т.ч. НДС 20% - 7866.66	FOOD_GOODS
77	07.11.2024	4430-00	Перевод средств на собственный счет	NOT_CLASSIFIED
78	07.11.2024	3830.00	Консульские сборы	TAX
79	07.11.2024	32400.00	За участие в конференции в г. Элиста по договору №В04751/41 от 12.04.2024	SERVICE
80	07.11.2024	4480000.00	Паевой взнос в жилищно-строительный кооператив с целью приобретения права собственности на жилое помещение по адресу г. Сургут, Заречный пер., д. 17	REALE_STATE
81	07.11.2024	2010-00	Оплата за Ролик Econta для чистки одежды в ассортименте по счету 58464340979974529603 от 02 ноября 2024г Сумма 2010-00	NON_FOOD_GOODS
82	07.11.2024	16600,00	Гашение процентов за кредит по Договору №04790А 18 сентября 2026г с ОАО "Второй банк"	BANK_SERVICE
83	07.11.2024	4250000-00	Оплата по дог.финансовой аренды №01715А от 04/06/2024, акт приема-передачи 727 от 23 декабря 2024г. В т.ч. НДС(20%) 708333-33	LEASING
84	07.11.2024	2420,00	Оплата за Конфеты Рот Фронт батончики по счету 94436226537097880789 от 23.08.2026г. Сумма 2420,00	FOOD_GOODS
85	07.11.2024	4690.00	Оплата коммунальных услуг	SERVICE
86	07.11.2024	32100.00	Оказание прочих услуг	SERVICE
87	07.11.2024	2210000.00	Долевое инвестирование в жилищное строительство	REALE_STATE
88	07.11.2024	1030.00	Собств. средства	NOT_CLASSIFIED
89	07.11.2024	1540,00	Оплата гос. пошлины	TAX
90	07.11.2024	4250000,00	Покупка продовольственных товаров	FOOD_GOODS
91	07.11.2024	990-00	Оплата за Бритва Gillette Blue II Plus одноразовая 5шт. по счету 89907031070916785605 от 13 июля 2023 Сумма 990-00	NON_FOOD_GOODS
92	07.11.2024	4380000-00	9й лизинговый платеж по договору №15-04968 от 06.02.2023 г.. В т.ч. НДС(20%) 730000-00	LEASING
93	07.11.2024	28100-00	За информационные услуги по договору №Г01555/18 от 28.01.2026	SERVICE
94	07.11.2024	2360-00	Оплата за Газета ТЕЛЕК PRESSA.RU по счету 46483704628713760494 от 21 марта 2024г Сумма 2360-00	NON_FOOD_GOODS
95	07.11.2024	26800-00	Оказание прочих услуг	SERVICE
96	07.11.2024	1830-00	Оплата за Бумажные полотенца Zewa 1/2 листа 2 рулона по счету 88035874232132179037 от 14 марта 2028 г. Сумма 1830-00	NON_FOOD_GOODS
97	07.11.2024	92000000,00	Возврат денежных средств по договору займа №96-03481 от 11.04.2024г. Без НДС	LOAN
98	07.11.2024	17500.00	За транспортировку, перевозка автомобилем из г. Старый Оскол в г. Петрозаводск по договору №4-02978/05 от 06.11.2025	SERVICE
99	07.11.2024	3220,00	Оплата за Рукав для запекания Econta, 3м по счету 99282385758145253159 от 09 мая 2023 Сумма 3220,00	NON_FOOD_GOODS
100	07.11.2024	2260,00	Оплата за Зелёный чай по счету 23537984840279505360 от 18/12/2023 Сумма 2260,00	FOOD_GOODS
101	07.11.2024	18000,00	Доплата по счету №89-03479 от 29.03.2027г аренда помещения в октября 2024 г. Договор №5-00678/01 от 2028.02.02	REALE_STATE
102	07.11.2024	3010.00	Комиссия за организацию сделки по дог. лизинга №Б03752. Сумма 15.06.2025, в т.ч. НДС 20% 3010.00	LEASING
103	07.11.2024	41800.00	За доставку по железной дороге из г. Армавир в г. Новосибирск по договору №89-01956Б от 10 августа 2023г	SERVICE
104	07.11.2024	21900.00	Оплата по сч. 0572 от 2025-07-10 за абхазсие мандарины. Сумма 21900.00 В т.ч. НДС 20% - 3650.0	FOOD_GOODS
105	07.11.2024	47500.00	Частичная оплата по счету № 0699 от 02.12.2027г. за костюмы ФаворитСумма 47500.00В т.ч. НДС(20%) 7916.66	NON_FOOD_GOODS
106	07.11.2024	2260.00	Оплата за Батарейки Liberhaus Energy cr2032 3v 5шт. по счету 80898192933468063473 от 30.04.2028 Сумма 2260.00	NON_FOOD_GOODS
107	07.11.2024	33700-00	За консультации юриста по договору б/н от 19.04.2028г.	SERVICE
108	07.11.2024	3610.00	государственная пошлина	TAX
109	07.11.2024	2500000,00	Оплата по договору лизинга №А-03198/36 от 02.12.2025, акт приема-передачи 0396 от 04.07.2024г. В т.ч. НДС(20%) 416666,66	LEASING
110	07.11.2024	920-00	Консульские сборы	TAX
111	07.11.2024	17200,00	Оплата за консультирование в сфере информационных технологий по договору №04600Д от 02 февраля 2024 г.	SERVICE
112	07.11.2024	43500-00	За оказание услуг по договору №6-04807/10 от 11 декабря 2024	SERVICE
113	07.11.2024	2470-00	Оплата за Яблоки фасованные по счету 93435521170648799607 от 07.05.2025 Сумма 2470-00	FOOD_GOODS
114	07.11.2024	4460.00	Оплата за Текстиль для дома по счету 03196840488291661462 от 07 ноября 2023 г. Сумма 4460.00	NON_FOOD_GOODS
115	07.11.2024	12800,00	Комиссия за выполнение функций агента валютного контроля по операциям в рамках контракта или кредитного обслуживания	BANK_SERVICE
116	07.11.2024	29000-00	Комиссия АКБ "Первый банк" (АО) за выдачу носителей ключей ЭП по системе "Интернет-Клиент". НДС не облагается	BANK_SERVICE
117	07.11.2024	630-00	Оплата за Полотенце Econta 70х140см в ассортименте по счету 47592084906881449959 от 23 марта 2023 Сумма 630-00	NON_FOOD_GOODS
118	07.11.2024	1290.00	Оплата за Свеча Kukina Raffinata чайная 6шт. по счету 22518726616063001893 от 2025.05.01 Сумма 1290.00	NON_FOOD_GOODS
119	07.11.2024	610000.00	6й лизинговый платеж по договору №02955Д от 07 ноября 2025г. В т.ч. НДС(20%) 101666.66	LEASING
120	07.11.2024	3230,00	Оплата государственной пошлины	TAX
121	07.11.2024	10400-00	Оплата дог №14-03675 от за 04/24г.согл.сч 0169 от 25.04.24г.,счет-фактура 0595 от 26.04.2024г.	NOT_CLASSIFIED
122	07.11.2024	28500,00	Оказание прочих услуг	SERVICE
123	07.11.2024	1370,00	Собственные средства	NOT_CLASSIFIED
124	07.11.2024	3070.00	Оплата за Смесь сухая Maggi На второе для макарон в томатно-мясном соусе болонез 30г по счету 47631412436822778130 от 14.02.2023г. Сумма 3070.00	FOOD_GOODS
125	07.11.2024	355000000,00	Возврат денежных средств по договору займа №А03488 от 18/07/2023. Без НДС	LOAN
126	07.11.2024	9800,00	Комиссия АКБ "Первый банк" (АО) за выдачу носителей ключей ЭП по системе "Интернет-Клиент". НДС не облагается	BANK_SERVICE
127	07.11.2024	2130000,00	Покупка продовольственных товаров	FOOD_GOODS
128	07.11.2024	30300.00	Оплата по счету 0505 от 20.04.2028 за Red Bull. Сумма 30300.00 без учета НДС	FOOD_GOODS
129	07.11.2024	4120,00	государственная пошлина	TAX
130	07.11.2024	3330-00	гос. пошлина	TAX
131	07.11.2024	1910.00	Комиссия за справку о наличии (отсутствии) ссудной задолженности по письменному запросу клиента	BANK_SERVICE
132	07.11.2024	23700-00	Оплата минеральной питьевой воды по счету 13053589000378394847 от 22 ноября 2023 г. Сумма 23700-00 без учета НДС	FOOD_GOODS
133	07.11.2024	4140000-00	Оплата по договору процентного займа №015 от 2024-08-09. Без НДС	LOAN
134	07.11.2024	3980-00	Оплата за Средство для мытья посуды Fairy Нежные руки чайное дерево и мята 450мл по счету 98417543706909718392 от 15.08.2027 Сумма 3980-00	NON_FOOD_GOODS
135	07.11.2024	1530000,00	Пополнение оборотных средств. НДС не облагается.	NOT_CLASSIFIED
136	07.11.2024	970-00	Оплата за Горбуша Рыбная Миля кусочки холодного копчения косичка 200г по счету 33575551630605919101 от 25 июля 2026 Сумма 970-00	FOOD_GOODS
137	07.11.2024	21400-00	Оказание прочих услуг	SERVICE
138	07.11.2024	2460-00	Комиссия за платежи в валюте Российской Федерации на счета физических лиц в другие кредитные организации	BANK_SERVICE
139	07.11.2024	22400,00	Оплата основного долга за период с 19.10.2024г по 2025-06-14 по Договору №357 от 01.09.2027г. с ОАО "Второй банк"	BANK_SERVICE
140	07.11.2024	14900,00	Гашение процентов за кредит по Договору №82Г-00456 19.02.2027г. с ОАО "Второй банк"	BANK_SERVICE
141	07.11.2024	4390000,00	Оплата по договору процентного займа №Б04715/30 от 08.01.2024 г.. Без НДС	LOAN
142	07.11.2024	4720.00	Оплата минеральной питьевой воды по счету 22793573954572221755 от 2027.01.26 Сумма 4720.00 без учета НДС	FOOD_GOODS
143	07.11.2024	4490-00	Комиссия за платежи в валюте Российской Федерации на счета физических лиц в другие кредитные организации	BANK_SERVICE
144	07.11.2024	27300.00	Оплата по договору 96.056729-ЕЕ от 25.01.2026 г., счету 0545 от 25.01.2026 г. за мясные деликатесы. Сумма 27300.00 В т.ч. НДС 20% 4550.0	FOOD_GOODS
145	07.11.2024	277000000,00	Возврат денежных средств по договору займа №5-03004/33 от 25.10.2023. Без НДС	LOAN
146	07.11.2024	416000000-00	Возврат денежных средств по договору займа №17Б-01502 от 26/11/2023. Без НДС	LOAN
147	07.11.2024	2570,00	Оплата за Конфеты Рот Фронт Птичье молоко настоящее 225г по счету 60197701374200702486 от 19.04.2023г Сумма 2570,00	FOOD_GOODS
148	07.11.2024	1960.00	Оплата за Мыло хозяйственное Econta 72%, 150г по счету 61808673000806744259 от 31.05.2028г. Сумма 1960.00	NON_FOOD_GOODS
149	07.11.2024	4280-00	Оплата за Зажигалка Foxlite FX-25 в ассортименте по счету 08966481106420773726 от 18 ноября 2024 Сумма 4280-00	NON_FOOD_GOODS
150	07.11.2024	35000,00	Лечение по договору 79.352376-ВЕ от 31 мая 2024	SERVICE
151	07.11.2024	3550,00	Оплата за Драже M&M's с арахисом в ассортименте 45г по счету 59293450835231554739 от 16.04.2025г Сумма 3550,00	FOOD_GOODS
152	07.11.2024	24800.00	За медицинское обслуживание по договору №02604Е от 05 сентября 2024г	SERVICE
153	07.11.2024	1260000.00	Предоставление кредита по договору №Д03898/33 от 2026-05-07 (нецелевой кредит)	BANK_SERVICE
154	07.11.2024	1190000-00	Оплата по дог.финансовой аренды №07-02798 от 2024-03-23, акт приема-передачи 947 от 12 мая 2024 г.. В т.ч. НДС(20%) 198333-33	LEASING
155	07.11.2024	4950000-00	Долевое инвестирование в жилищное строительство	REALE_STATE
156	07.11.2024	3430,00	Перевод средств на собственный счет	NOT_CLASSIFIED
157	07.11.2024	3000,00	Оплата за Конфеты Snickers Minis по счету 44213425382898728936 от 07/06/2023 Сумма 3000,00	FOOD_GOODS
158	07.11.2024	2120.00	Оплата за Колбаски Мираторг из свинины для жарки охлажденные 400г по счету 82020796844812490057 от 06.04.2028 г. Сумма 2120.00	FOOD_GOODS
159	07.11.2024	2150.00	Комиссия за срочные платежи в валюте Российской Федерации на счета в другие кредитные организации	BANK_SERVICE
160	07.11.2024	2380000,00	Оплата по договору №39-01098Г от 14.11.2026г. сырье для пвадСумма 2380000,00В т.ч. НДС(20%) 396666,66	NON_FOOD_GOODS
161	07.11.2024	850000-00	оплата по договору №03134А от 2024.10.09 за ЖКТМСумма 850000-00В т.ч. НДС(20%) 141666-66	NON_FOOD_GOODS
162	07.11.2024	2920,00	Оплата за Сумка-тележка на колесах 85х33х27.5см по счету 62718301390688401099 от 30 марта 2028 Сумма 2920,00	NON_FOOD_GOODS
163	07.11.2024	36000,00	За доставку ж/д транспортом из г. Одинцово в г. Бийск по договору №Г01270/67 от 05 июня 2023	SERVICE
164	07.11.2024	2420000,00	0й лизинговый платеж по договору №040 от 18.05.2025. В т.ч. НДС(20%) 403333,33	LEASING
165	07.11.2024	2300-00	Оплата за кофе в зернах по счету 43300775979914578257 от 19.11.2024г Сумма 2300-00 в т.ч. НДС 20% 383-33	FOOD_GOODS
166	07.11.2024	40100.00	За юридические услуги по договору №Д-02302/02 от 27 марта 2027г	SERVICE
167	07.11.2024	1460000.00	Оплата по договору лизинга №77Д-01431 от 27/08/2025, акт приема-передачи 0874 от 13 октября 2024. В т.ч. НДС(20%) 243333.33	LEASING
168	07.11.2024	457000000.00	Возврат денежных средств по договору займа №33-04980 от 28.01.2023 г.. Без НДС	LOAN
169	07.11.2024	32200,00	Лечение по договору №В02229/60 от 14.11.2025г.	SERVICE
170	07.11.2024	31600.00	Выплата на содержание родных детей	TAX
171	07.11.2024	980-00	Оплата за Мармелад Mix Bar жевательный со вкусом колы 70г по счету 18346583302914391886 от 19.08.2028г. Сумма 980-00	FOOD_GOODS
172	07.11.2024	3930-00	Оплата за Ролик Econta для чистки одежды в ассортименте по счету 03697415655377290247 от 10.04.2023 г. Сумма 3930-00	NON_FOOD_GOODS
173	07.11.2024	37800-00	За информационные услуги по договору №7-02440/77 от 11.07.2028	SERVICE
174	07.11.2024	18100.00	Оплата по Счету 0119 от 22.06.2023г. за возмещаемые расходы Сумма 18100.00 в том числе НДС(20%) 3016.66	NOT_CLASSIFIED
175	07.11.2024	43800,00	За медицинское обслуживание по договору №74Б-00205 от 19.11.2028	SERVICE
176	07.11.2024	2750.00	Оплата за Средство чистящее Domestos свежесть Атлантики универсальное 750мл по счету 66841783762459317027 от 2023-11-13 Сумма 2750.00	NON_FOOD_GOODS
177	07.11.2024	2780-00	Оплата за Конверт для денег Арт и Дизайн ФК по счету 44358573091406820064 от 11.08.2025 г. Сумма 2780-00	NON_FOOD_GOODS
178	07.11.2024	2410000-00	5й лизинговый платеж по договору №Д04436 от 11.03.2023 г.. В т.ч. НДС(20%) 401666-66	LEASING
179	07.11.2024	4030000,00	Оплата по договору процентного займа 87.245203-АГ от 06/04/2023г.. Без НДС	LOAN
180	07.11.2024	1270-00	Оплата коммунальных услуг	SERVICE
181	07.11.2024	4320,00	Оплата гос. пошлины	TAX
182	07.11.2024	3660,00	Оплата гос. услуги	TAX
183	07.11.2024	3740000-00	Оплата по дог.финансовой аренды №Е-02301/13 от 11/09/2024г., акт приема-передачи 721 от 26.11.2024. В т.ч. НДС(20%) 623333-33	LEASING
184	07.11.2024	3490.00	Оплата налогов	TAX
185	07.11.2024	680,00	Комиссия за справку о движении по счету (обороты) по письменному запросу клиента п.1.1.6 согласно	BANK_SERVICE
186	07.11.2024	680-00	Оплата за Кактусы и суккуленты категории по счету 86616433318077302975 от 16.11.2025 г. Сумма 680-00	NON_FOOD_GOODS
187	07.11.2024	25700-00	За оказание услуг по договору №Б-01576/59 от 03 февраля 2023	SERVICE
188	07.11.2024	4960.00	Комиссия за справку о движении по счету (обороты) по письменному запросу клиента п.1.1.6 согласно	BANK_SERVICE
189	07.11.2024	3850000.00	9й лизинговый платеж по договору №А02417/17 от 20.02.2023г.. В т.ч. НДС(20%) 641666.66	LEASING
190	07.11.2024	2080-00	Оплата за Лампа светодиодная Старт Eco LED GLS E27 15W 40 в ассортименте по счету 10591058554767402447 от 28.05.2023 Сумма 2080-00	NON_FOOD_GOODS
191	07.11.2024	4120000,00	Оплата по договору процентного займа 99.291348-ЕЕ от 15/12/2023г.. Без НДС	LOAN
192	07.11.2024	249000000,00	Возврат денежных средств по договору займа №Е04876 от 15 сентября 2024 г.. Без НДС	LOAN
193	07.11.2024	2200,00	Комиссия за платежи в валюте Российской Федерации на счета физических лиц в другие кредитные организации	BANK_SERVICE
194	07.11.2024	12500-00	За оказание услуг по договору №15-01093 от 27.04.2028г	SERVICE
195	07.11.2024	1510000-00	ПРЕДОПЛАТА ПО ДОГ. 33.167220-АБ за Раствор водный натриевых солей (поли)акриловой кислотыСумма 1510000-00 в т.ч.НДС  251666-66	NON_FOOD_GOODS
196	07.11.2024	103000000-00	Возврат денежных средств по договору займа №02252В от 19.02.2023г.. Без НДС	LOAN
197	07.11.2024	3420000-00	Паевой взнос в жилищно-строительный кооператив с целью приобретения права собственности на жилое помещение по адресу г. Новосибирск, Чкалова ул., д. 11	REALE_STATE
198	07.11.2024	1800,00	Оплата процентов за период с 03/03/2023 по 14.10.2023г. по Договору №Б-04954/39 от 26.07.2025г	BANK_SERVICE
199	07.11.2024	4270-00	Оплата за Тарелки одноразовые Econta белые 205мм 12шт. по счету 47013664074135675711 от 22.10.2025 Сумма 4270-00	NON_FOOD_GOODS
200	07.11.2024	4320,00	Комиссия за организацию сделки по дог. лизинга №08-01629. Сумма 17.10.2024, в т.ч. НДС 20% 4320,00	LEASING
201	07.11.2024	1540000.00	Паевой взнос в жилищно-строительный кооператив с целью приобретения права собственности на жилое помещение по адресу г. Брянск, Сельская ул., д. 10	REALE_STATE
202	07.11.2024	19100,00	За медицинское обслуживание по договору №Б01553/83 от 20 февраля 2028	SERVICE
203	07.11.2024	10400-00	Оплата за консультирование в сфере информационных технологий по договору 65.412283-ЕБ от 2023.11.27	SERVICE
204	07.11.2024	1600-00	Оплата за Гель для стирки Ласка Эффект восстановления цветного 1л по счету 46378652271834822913 от 15.06.2028г Сумма 1600-00	NON_FOOD_GOODS
205	07.11.2024	2360000,00	Оплата по договору лизинга №А01031 от 2024-06-10, акт приема-передачи 0948 от 11.06.2024 г.. В т.ч. НДС(20%) 393333,33	LEASING
206	07.11.2024	3430000-00	Покупка продовольственных товаров	FOOD_GOODS
207	07.11.2024	660-00	Оплата за Шоколад Milka с цельным фундуком молочный 80г по счету 42434066032750777079 от 22.02.2023г Сумма 660-00	FOOD_GOODS
208	07.11.2024	4110.00	Оплата за Масло растительное Сарепта Горчичное нерафинированное холодного отжима 500мл по счету 41934853535598703385 от 10/11/2028 Сумма 4110.00	FOOD_GOODS
209	07.11.2024	1220.00	Оплата за Фольга алюминиевая Econta для хранения и упаковки продуктов 10м по счету 87827866380748346190 от 05.11.2025г Сумма 1220.00	NON_FOOD_GOODS
210	07.11.2024	39900.00	Лечение по договору №229 от 2028.11.04	SERVICE
211	07.11.2024	36600.00	Оплата основного долга за период с 09.10.2024 по 28.10.2028 по Договору №96-03568 от 29/11/2024г. с ОАО "Второй банк"	BANK_SERVICE
212	07.11.2024	2280.00	Оплата за Дезодорант - антиперспирант Рексона Женский спрей яркий букет 150мл по счету 67384818584026970695 от 27 ноября 2024 г. Сумма 2280.00	NON_FOOD_GOODS
213	07.11.2024	580000-00	Окончательный расчет по акту приема-передачи №0615 от 10.09.2024 г. (договор лизинга №00178Г от 19.11.2023г.). В т.ч. НДС(20%) 96666-66	LEASING
214	07.11.2024	3100-00	Оплата за Шиповник и кисель по счету 97266263445215645064 от 20 ноября 2026г Сумма 3100-00	FOOD_GOODS
215	07.11.2024	1610-00	Оплата за Шеи цыпленка Первая Свежесть охлажденные 600г по счету 79149542216924854182 от 27.08.2023г Сумма 1610-00	FOOD_GOODS
216	07.11.2024	1290000-00	Оплата по дог.финансовой аренды №159 от 2024.05.05, акт приема-передачи 171 от 05 июля 2024. В т.ч. НДС(20%) 215000-00	LEASING
217	07.11.2024	4880-00	За гостиницу (Россия, г. Сочи)	SERVICE
218	07.11.2024	317000000,00	Приобретение недвижимости по адресу г. Пушкино, Ленина ул., д. 5 по договору №38-04779 от 21.05.2025	REALE_STATE
219	07.11.2024	18700.00	Оказание прочих услуг	SERVICE
220	07.11.2024	43200.00	Доплата по счету №03024Б от 03/09/2023г. аренда помещения в марта 2024 г. Договор 23.482403-ББ от 05 апреля 2025	REALE_STATE
221	07.11.2024	3040-00	Оплата за Чай травяной Greenfield Wildberry Rooibus с кусочками земляники и клюквы 25х1.5г по счету 21018418411594846631 от 07/01/2028г. Сумма 3040-00	FOOD_GOODS
222	07.11.2024	3780000-00	Оплата по договору №А04071/31 от 07.10.2023, счету 0474 от 07.10.2023 за "Дымовские колбасы".Сумма 3780000-00 В т.ч. НДС 20% 630000-00	FOOD_GOODS
223	07.11.2024	4830-00	Оплата за Дезодорант - антиперспирант Рексона Женский спрей нежно и сочно 150мл по счету 87101007560530643085 от 31/08/2028г. Сумма 4830-00	NON_FOOD_GOODS
224	07.11.2024	3770-00	Комиссия за срочные платежи в валюте Российской Федерации на счета в другие кредитные организации	BANK_SERVICE
225	07.11.2024	1430000,00	Оплата по договору процентного займа №Б-00632/01 от 21.03.2024 г.. Без НДС	LOAN
226	07.11.2024	30100,00	{Д125338}3ачисление средств на текущий счет на основании Распоряжения о списании ин.валюты с трансферного счета 96234060456347335466	NOT_CLASSIFIED
227	07.11.2024	3560,00	Оплата процентов за период с 01.07.2023 г. по 25 сентября 2026 по Договору №Е03078 от 09 мая 2026г	BANK_SERVICE
228	07.11.2024	3980-00	Оплата за Для стирки детских вещей по счету 94106294388462587313 от 31 мая 2024 г. Сумма 3980-00	NON_FOOD_GOODS
229	07.11.2024	940,00	Оплата за Зелёный чай по счету 75938783824273647164 от 27/03/2027г. Сумма 940,00	FOOD_GOODS
230	07.11.2024	780000-00	Окончательный расчет по акту приема-передачи №0926 от 16/01/2024 (договор лизинга №Г01161 от 24 января 2025г). В т.ч. НДС(20%) 130000-00	LEASING
231	07.11.2024	3610000.00	Оплата по дог.финансовой аренды №95Б-00302 от 12 сентября 2024 г., акт приема-передачи 808 от 28 июля 2024 г.. В т.ч. НДС(20%) 601666.66	LEASING
232	07.11.2024	1930000,00	Долевое инвестирование в жилищное строительство	REALE_STATE
233	07.11.2024	25400.00	Оплата по сч. 0780 от 25 мая 2025 г. за пищев. добавку (890,50 ев.) курс 104,4016. В т.ч. НДС 20% - 15 494,94	FOOD_GOODS
234	07.11.2024	4640000,00	ПРЕДОПЛАТА ПО ДОГ. №В-04029/22 за Раствор водный натриевых солей (поли)акриловой кислотыСумма 4640000,00 в т.ч.НДС  773333,33	NON_FOOD_GOODS
235	07.11.2024	3340000-00	Предоплата за автозапчасти по счету 0156 от 2026.03.07 года; Договор №8-03304/64 от 26.04.2027 г.	NON_FOOD_GOODS
236	07.11.2024	371000000.00	Возврат денежных средств по договору займа №Г-03901/37 от 15.01.2024. Без НДС	LOAN
237	07.11.2024	1700,00	Комиссия за справку о наличии (отсутствии) ссудной задолженности по письменному запросу клиента	BANK_SERVICE
238	07.11.2024	680.00	Оплата за кофе в зернах по счету 52879268464997992292 от 24.09.2028г Сумма 680.00 в т.ч. НДС 20% 113.33	FOOD_GOODS
239	07.11.2024	2580000,00	За строительные работы по адресу г. Октябрьский, Юбилейная ул., д. 9 по договору №Д01651 от 20.06.2028 г.	SERVICE
240	07.11.2024	1640.00	Оплата за Гели и капсулы для стирки по счету 23401209966957188396 от 10/04/2027 Сумма 1640.00	NON_FOOD_GOODS
241	07.11.2024	1900-00	Оплата коммунальных услуг	SERVICE
242	07.11.2024	4220000.00	Оплата по договору №Д04909/08 от 11.12.2028. сырье для пвадСумма 4220000.00В т.ч. НДС(20%) 703333.33	NON_FOOD_GOODS
243	07.11.2024	3550000-00	Оплата по договору процентного займа 38.366981-БД от 10.07.2023 г.. Без НДС	LOAN
244	07.11.2024	1020000-00	За строительные работы по адресу г. Липецк, Радужная ул., д. 9 по договору №89-04295Е от 06.05.2027 г.	SERVICE
245	07.11.2024	3970-00	Оплата за Лампа светодиодная Старт Eco LED GLS E27 15W 40 в ассортименте по счету 57020425146087503586 от 19.01.2024 Сумма 3970-00	NON_FOOD_GOODS
246	07.11.2024	4290000.00	Оплата по договору процентного займа №Е01581/71 от 07.03.2023г. Без НДС	LOAN
247	07.11.2024	4360000,00	Долевое инвестирование в жилищное строительство	REALE_STATE
248	07.11.2024	2590.00	Оплата гос. услуги	TAX
249	07.11.2024	1570.00	государственная пошлина	TAX
250	07.11.2024	4400,00	Комиссия за открытие счета согласно Тарифам АКБ "Первый банк" (АО). НДС не облагается.	BANK_SERVICE
251	07.11.2024	62000000,00	Возврат денежных средств по договору займа №97-01575 от 12.01.2023. Без НДС	LOAN
252	07.11.2024	32100-00	Оплата дог №Б04086/94 от за 02/24г.согл.сч 0774 от 25.02.24г.,счет-фактура 0491 от 26.02.2024г.	NOT_CLASSIFIED
253	07.11.2024	37900,00	Лечение по договору №095 от 20/11/2027г.	SERVICE
254	07.11.2024	3020,00	Комиссия за срочные платежи в валюте Российской Федерации на счета в другие кредитные организации	BANK_SERVICE
255	07.11.2024	47900-00	Оплата дог 40.051059-ДА от за 09/24г.согл.сч 0311 от 25.09.24г.,счет-фактура 0723 от 26.09.2024г.	NOT_CLASSIFIED
256	07.11.2024	2110.00	Оплата государственной пошлины	TAX
257	07.11.2024	2950,00	Оплата за Шоколад Kinder-Сюрприз с игрушкой внутри 53г по счету 39147508343989056982 от 24.01.2025г Сумма 2950,00	FOOD_GOODS
258	07.11.2024	31600.00	За медицинское обслуживание по договору №А-00790/67 от 2026.12.22	SERVICE
259	07.11.2024	33300.00	Оплата по договору №050 от 31 октября 2023, счету 0794 от 31 октября 2023 за мясные деликатесы. Сумма 33300.00 В т.ч. НДС 20% 5550.0	FOOD_GOODS
260	07.11.2024	4110-00	Оплата за Уход за одеждой и обувью по счету 11837472833255495630 от 21.06.2024г. Сумма 4110-00	NON_FOOD_GOODS
261	07.11.2024	37600.00	За юридические услуги по договору №04-01921А от 23.04.2025 г.	SERVICE
262	07.11.2024	1370.00	За гостиницу (Россия, г. Стерлитамак)	SERVICE
263	07.11.2024	39900-00	Выплата на содержание родных детей	TAX
264	07.11.2024	4710000,00	оплата по договору 62.306192-БГ от 21.01.2026г за ЖКТМСумма 4710000,00В т.ч. НДС(20%) 785000,0	NON_FOOD_GOODS
265	07.11.2024	3390,00	Оплата за Пленка Econta для упаковки и хранения продуктов полиэтиленовая 30м по счету 62451873853187874569 от 21.12.2026г. Сумма 3390,00	NON_FOOD_GOODS
266	07.11.2024	3380.00	Комиссия за организацию сделки по дог. лизинга №235. Сумма 13 января 2024г, в т.ч. НДС 20% 3380.00	LEASING
267	07.11.2024	3920000.00	Оплата по договору процентного займа №12-00464Б от 27/11/2024. Без НДС	LOAN
268	07.11.2024	32600-00	Доплата по счету №31-01393Г от 09.02.2028г аренда помещения в июля 2024 г. Договор №01457А от 26.06.2024 г.	REALE_STATE
269	07.11.2024	4110,00	Консульские сборы	TAX
270	07.11.2024	3540-00	Оплата за Бумажные полотенца и салфетки по счету 16772092307090429943 от 01.08.2025 г. Сумма 3540-00	NON_FOOD_GOODS
271	07.11.2024	3600000.00	Оплата за запасные части для оборудования по счету №0279 от 23.06.2024; Договор №1-00068/65 от 06.12.2023г.	NON_FOOD_GOODS
272	07.11.2024	3950000-00	Оплата по договору №04664Д от 15 июня 2024 г.. сырье для пвадСумма 3950000-00В т.ч. НДС(20%) 658333-33	NON_FOOD_GOODS
273	07.11.2024	4380.00	За гостиницу (Россия, г. Краснодар)	SERVICE
274	07.11.2024	4890,00	Оплата за Крем Бархатные ручки Питательный для рук с маслом ши 80мл по счету 97745000424439727136 от 28 января 2023 Сумма 4890,00	NON_FOOD_GOODS
275	07.11.2024	2950,00	Оплата за Стиральные порошки по счету 03923418234357978253 от 25 мая 2028г Сумма 2950,00	NON_FOOD_GOODS
276	07.11.2024	3200,00	Оплата за Сухие сливки и молоко по счету 99395040316627413592 от 18.10.2025 г. Сумма 3200,00	FOOD_GOODS
277	07.11.2024	1950000.00	Оплата по договору №А02594/84 от 19/11/2025г., счету 0932 от 19/11/2025г. за "Дымовские колбасы".Сумма 1950000.00 В т.ч. НДС 20% 325000.0	FOOD_GOODS
278	07.11.2024	1750000-00	Оплата за запасные части для оборудования по счету №0001 от 10.08.2024; Договор №92-02293Б от 25.07.2025г	NON_FOOD_GOODS
279	07.11.2024	36700,00	Оплата за консультирование в сфере информационных технологий по договору №Д-01415/03 от 2026-09-05	SERVICE
280	07.11.2024	1270.00	Перевод себе	NOT_CLASSIFIED
281	07.11.2024	1330-00	Оплата за Аэрозоль Mosquitall Профессиональная защита от всех насекомых 150мл по счету 56531366716469102965 от 21.09.2025 г. Сумма 1330-00	NON_FOOD_GOODS
282	07.11.2024	3050000,00	Долевое инвестирование в жилищное строительство	REALE_STATE
283	07.11.2024	4840.00	Оплата налогов	TAX
284	07.11.2024	4250000.00	Оплата Дог №Д-00585/11 от 29 апреля 2021 г., согл. Сч 0473-27 от 01 января 2024г оплата за сброс загрязняющих веществ	NOT_CLASSIFIED
285	07.11.2024	1010.00	Оплата за Дезодорант - антиперспирант Рексона Женский спрей прозрачный кристалл 150мл по счету 95129610196747821066 от 11.03.2025г. Сумма 1010.00	NON_FOOD_GOODS
286	07.11.2024	780000,00	Оплата по счету № 0140 от 05 июня 2028 за аренду помещения по договору субаренды №69А-03807 от 05/02/2023	REALE_STATE
287	07.11.2024	4990000,00	Пополнение оборотных средств. НДС не облагается.	NOT_CLASSIFIED
288	07.11.2024	4940,00	Оплата за Конфеты Сладуница Шокорешки по счету 91668924126538186605 от 2024-03-25 Сумма 4940,00	FOOD_GOODS
289	07.11.2024	4010,00	Оплата коммунальных услуг	SERVICE
290	07.11.2024	5000000-00	Оплата по счету № 0069 от 10/05/2026 за аренду помещения по договору субаренды №Г00613/77 от 27 ноября 2022 г.	REALE_STATE
291	07.11.2024	660,00	Оплата за Станки бритвенные Gillette 2 одноразовые 5шт. по счету 09535985428840865038 от 2028-05-09 Сумма 660,00	NON_FOOD_GOODS
292	07.11.2024	2860000,00	Предоплата за автозапчасти по счету 0718 от 09 марта 2024 г. года; Договор №52В-04616 от 12.07.2025г.	NON_FOOD_GOODS
293	07.11.2024	46700-00	Гашение процентов за кредит по Договору №03364Д 11/10/2023г. с ОАО "Второй банк"	BANK_SERVICE
294	07.11.2024	3260000-00	Предоплата за автозапчасти по счету 0983 от 15.08.2027г года; Договор №Д00087 от 01.07.2024г.	NON_FOOD_GOODS
295	07.11.2024	2820-00	Перевод средств на собственный счет	NOT_CLASSIFIED
296	07.11.2024	3580-00	Оплата за Диски ватные Я самая Мягкие и нежные 120шт по счету 97579726556927437873 от 21.11.2028г. Сумма 3580-00	NON_FOOD_GOODS
297	07.11.2024	4970,00	Оплата за Гель-уход Nivea Увлажнение и забота для душа 750мл по счету 72548874750678216383 от 26 апреля 2027 Сумма 4970,00	NON_FOOD_GOODS
298	07.11.2024	540,00	Перевод себе	NOT_CLASSIFIED
299	07.11.2024	1120000.00	Оплата по договору процентного займа №317 от 15.07.2023г.. Без НДС	LOAN
300	07.11.2024	7900,00	Комиссия за обслуживание по системе Клиент-Банк за период с :25 мая 2024г по 12/08/2024. НДС не облагается.	BANK_SERVICE
301	07.11.2024	25100,00	За информационные услуги по договору №121 от 24.04.2023	SERVICE
302	07.11.2024	2680000,00	Оплата по договору лизинга №Д-00562/58 от 19.02.2023, акт приема-передачи 0189 от 29.10.2024. В т.ч. НДС(20%) 446666,66	LEASING
303	07.11.2024	2670000-00	Оплата по договору процентного займа №Е00641 от 24.05.2024г.. Без НДС	LOAN
304	07.11.2024	1710000,00	Оплата по счету № 0379 от 06/04/2023 за аренду помещения по договору субаренды №Б04556/49 от 10/11/2023г.	REALE_STATE
305	07.11.2024	4490.00	Оплата за Какао-напиток Хрутка быстрорастворимый 250г по счету 53096877022814966587 от 13.05.2025г. Сумма 4490.00	FOOD_GOODS
306	07.11.2024	1250000,00	Долевое инвестирование в жилищное строительство	REALE_STATE
307	07.11.2024	4690000.00	Оплата по счету № 0656 от 17.06.2025г. за аренду помещения по договору субаренды №00999Д от 22/05/2023	REALE_STATE
308	07.11.2024	4220.00	Консульский сбор	TAX
309	07.11.2024	30900-00	Оплата по счету 0825 от 25/11/2025г. за Red Bull. Сумма 30900-00 без учета НДС	FOOD_GOODS
310	07.11.2024	3970-00	Комиссия за справку о движении по счету (обороты) по письменному запросу клиента п.1.1.6 согласно	BANK_SERVICE
311	07.11.2024	20300.00	Оплата за консультирование в сфере информационных технологий по договору №А03303 от 28.07.2027г.	SERVICE
312	07.11.2024	42000,00	За медицинское обслуживание по договору №60-02060 от 16 мая 2023г	SERVICE
313	07.11.2024	2090000,00	Оплата по договору процентного займа №134 от 31/05/2023. Без НДС	LOAN
314	07.11.2024	5300,00	Гашение процентов за кредит по Договору №232 22.01.2027 с ОАО "Второй банк"	BANK_SERVICE
315	07.11.2024	9600.00	За участие в конференции в г. Батайск по договору б/н от 22/08/2027	SERVICE
316	07.11.2024	3750.00	Оплата за Гречка ядрица 900г по счету 59165104952005355461 от 18 февраля 2027 г. Сумма 3750.00	FOOD_GOODS
317	07.11.2024	1560000.00	Оплата по дог.финансовой аренды №56-04682 от 16/09/2023, акт приема-передачи 753 от 02 декабря 2024г. В т.ч. НДС(20%) 260000.0	LEASING
318	07.11.2024	350000000,00	Приобретение недвижимости по адресу г. Домодедово, Восточная ул., д. 5 по договору №А-00888/65 от 11 апреля 2025 г.	REALE_STATE
319	07.11.2024	49400.00	Оплата минеральной питьевой воды по счету 07981378633371993441 от 25/06/2023 Сумма 49400.00 без учета НДС	FOOD_GOODS
320	07.11.2024	22900,00	Оказание прочих услуг	SERVICE
321	07.11.2024	990000,00	За строительные работы по адресу г. Ярославль, Вишневая ул., д. 25 по договору №Е-01822/58 от 27.07.2027г.	SERVICE
322	07.11.2024	4850.00	Оплата за Туалетная бумага Красная цена с тиснением и перфорацией 3 слоя 8шт по счету 94678301463215407595 от 16.08.2026 Сумма 4850.00	NON_FOOD_GOODS
323	07.11.2024	2970.00	Оплата за Дезодорант Seasons для обуви 100мл по счету 81501357313665004498 от 08.04.2027 г. Сумма 2970.00	NON_FOOD_GOODS
324	07.11.2024	750000-00	Оплата по дог.финансовой аренды №Е01007 от 17.04.2025 г., акт приема-передачи 544 от 22.06.2024 г.. В т.ч. НДС(20%) 125000-00	LEASING
325	07.11.2024	1720-00	Оплата за Чай зеленый Curtis Delicate Mango 20х1.8г по счету 56589760358443569118 от 10 июня 2028 г. Сумма 1720-00	FOOD_GOODS
326	07.11.2024	33700-00	Комиссия за обслуживание по системе Клиент-Банк за период с :14.11.2024г по 04.12.2024г.. НДС не облагается.	BANK_SERVICE
327	07.11.2024	2300000-00	Оплата Дог №00820Б от 22.06.2020г, согл. Сч 0213-27 от 07 ноября 2024 оплата за сброс загрязняющих веществ	NOT_CLASSIFIED
328	07.11.2024	1090000.00	Оплата по договору №00056Б от 26.09.2027г, за сырьё для пищевой промышленности в т.ч. НДС 20% 181666.66	FOOD_GOODS
329	07.11.2024	2510000.00	Оплата по договору процентного займа №238 от 16 декабря 2023. Без НДС	LOAN
330	07.11.2024	18200-00	За тур.поездку по договору №04363Е от 14 марта 2025	SERVICE
331	07.11.2024	46200-00	Выплата на содержание родных детей	TAX
332	07.11.2024	4650000.00	Покупка продовольственных товаров	FOOD_GOODS
333	07.11.2024	3380,00	Оплата за Светодиодная лампа Старт E27 20W теплый свет по счету 10367906785157249009 от 18/10/2026 Сумма 3380,00	NON_FOOD_GOODS
334	07.11.2024	3560000,00	Предоставление кредита по договору №189 от 12 июня 2023г (приобретение транспортного средства)	BANK_SERVICE
335	07.11.2024	3730000,00	Оплата по договору процентного займа №92-02986Г от 2024-09-02. Без НДС	LOAN
336	07.11.2024	34100.00	За информационные услуги по договору №Е-01532/51 от 03.01.2025	SERVICE
337	07.11.2024	2510000,00	Оплата за запчасти по договору поставки №048 от 24.09.2024 (ГБД 0072 АО Автодом Ауди по счету №0401	NON_FOOD_GOODS
338	07.11.2024	3260000-00	Оплата по договору процентного займа №Е00675/72 от 2024.10.02. Без НДС	LOAN
339	07.11.2024	3480-00	Комиссия за организацию сделки по дог. лизинга №Б00719/67. Сумма 16.08.2023, в т.ч. НДС 20% 3480-00	LEASING
340	07.11.2024	2320000-00	Пополнение оборотных средств. НДС не облагается.	NOT_CLASSIFIED
341	07.11.2024	9200-00	Гашение процентов за кредит по Договору №Е00274/24 18.06.2024г. с ОАО "Второй банк"	BANK_SERVICE
342	07.11.2024	1990.00	Оплата гос. пошлины	TAX
343	07.11.2024	2080000-00	Оплата за запчасти по договору поставки №Е-03902/04 от 12 июля 2024 г. (ГБД 0777 АО Автодом Ауди по счету №0075	NON_FOOD_GOODS
344	07.11.2024	4740,00	Оплата гос. пошлины	TAX
345	07.11.2024	82000000-00	Приобретение недвижимости по адресу г. Нефтеюганск, Речной пер., д. 6 по договору №83Е-02421 от 02 августа 2024	REALE_STATE
346	07.11.2024	1280000,00	Окончательный расчет по акту приема-передачи №0836 от 02.08.2024 (договор лизинга б/н от 28/10/2024). В т.ч. НДС(20%) 213333,33	LEASING
347	07.11.2024	34700.00	Комиссия АКБ "Первый банк" (АО) за выдачу носителей ключей ЭП по системе "Интернет-Клиент". НДС не облагается	BANK_SERVICE
348	07.11.2024	3730.00	Оплата за Пленка Econta для упаковки и хранения продуктов полиэтиленовая 30м по счету 84717239320377397689 от 16.07.2027г. Сумма 3730.00	NON_FOOD_GOODS
349	07.11.2024	1040.00	Оплата за Освежитель воздуха Liberhaus После дождя 300мл по счету 26523420824237360743 от 08.10.2023г. Сумма 1040.00	NON_FOOD_GOODS
350	07.11.2024	44000-00	Выплата на содержание родных детей	TAX
351	07.11.2024	4760000.00	Оплата по счету № 0877 от 17.09.2023 за аренду помещения по договору субаренды №Е-00207/43 от 07.07.2022 г.	REALE_STATE
352	07.11.2024	49400-00	За юридические услуги по договору №01395А от 08.10.2023 г.	SERVICE
353	07.11.2024	3200000-00	Оплата по договору процентного займа №А03165 от 21.05.2024г. Без НДС	LOAN
354	07.11.2024	3440000,00	Оплата по договору процентного займа №Г04735 от 30.06.2024. Без НДС	LOAN
355	07.11.2024	3310000-00	Оплата по дог.финансовой аренды №Б-00214/96 от 14.05.2024г, акт приема-передачи 897 от 29.08.2024г.. В т.ч. НДС(20%) 551666-66	LEASING
356	07.11.2024	4860000-00	Оплата аванса за ГСМ по счету А-0013 от 29 сентября 2024 г. к Договору №05-01203 от 11 июня 2023г. на сумму 4860000-00В т.ч. НДС(20%) 810000-00	NON_FOOD_GOODS
357	07.11.2024	3870,00	Консульские сборы	TAX
358	07.11.2024	3550,00	Оплата минеральной питьевой воды по счету 12481504472540083470 от 12.08.2025г Сумма 3550,00 без учета НДС	FOOD_GOODS
359	07.11.2024	44300-00	Счет на оплату № 0302 от 30/10/2026г.МКР для фильтрпресса. Сумма 44300-00В т.ч. НДС(20%) 7383-33	NON_FOOD_GOODS
360	07.11.2024	3450-00	государственная пошлина	TAX
361	07.11.2024	4380000,00	Оплата аванса за ГСМ по счету А-0690 от 30.06.2024 г. к Договору №48-01897В от 22.07.2023г.. на сумму 4380000,00В т.ч. НДС(20%) 730000,0	NON_FOOD_GOODS
362	07.11.2024	1410000.00	Оплата по договору процентного займа №1-04135/84 от 16 июля 2023 г.. Без НДС	LOAN
363	07.11.2024	16900-00	За консультации юриста по договору №Б-03726/44 от 12/01/2023	SERVICE
364	07.11.2024	4890000.00	Оплата аванса за ГСМ по счету А-0667 от 14.07.2024 г. к Договору №00999Б от 07 марта 2025. на сумму 4890000.00В т.ч. НДС(20%) 815000.0	NON_FOOD_GOODS
365	07.11.2024	4280.00	Перевод собственных средств себе	NOT_CLASSIFIED
366	07.11.2024	3690,00	Оплата за Грунт Seasons универсальный 10л по счету 02813744662177858438 от 20.04.2025г. Сумма 3690,00	NON_FOOD_GOODS
367	07.11.2024	3050000,00	Паевой взнос в жилищно-строительный кооператив с целью приобретения права собственности на жилое помещение по адресу г. Уссурийск, Новоселов ул., д. 20	REALE_STATE
368	07.11.2024	2110,00	Оплата за Паста Крем-Фиш кальмар-креветка 150г по счету 12080797607318877114 от 19 января 2027 г. Сумма 2110,00	FOOD_GOODS
369	07.11.2024	2160-00	Комиссия за справку о наличии (отсутствии) ссудной задолженности по письменному запросу клиента	BANK_SERVICE
370	07.11.2024	4080000-00	Оплата по договору №Г02100/40 от 11.08.2028, счету 0248 от 11.08.2028 за "Дымовские колбасы".Сумма 4080000-00 В т.ч. НДС 20% 680000-00	FOOD_GOODS
371	07.11.2024	33700-00	Гашение процентов за кредит по Договору №49В-02015 07.04.2027г. с ОАО "Второй банк"	BANK_SERVICE
372	07.11.2024	104000000-00	Возврат денежных средств по договору займа №26-02097Д от 25.04.2024г.. Без НДС	LOAN
373	07.11.2024	33800.00	Оплата по договору №04937Д от 26.11.2027, счету 0750 от 26.11.2027 за мясные деликатесы. Сумма 33800.00 В т.ч. НДС 20% 5633.33	FOOD_GOODS
374	07.11.2024	1470000,00	Окончательный расчет по акту приема-передачи №0914 от 13.10.2024г (договор лизинга №Г00882 от 2024.04.08). В т.ч. НДС(20%) 245000,0	LEASING
375	07.11.2024	2190-00	Оплата государственной пошлины	TAX
376	07.11.2024	3170.00	Оплата за Конфеты Toffifee Лесной орех в карамели 125г по счету 72881488099712743628 от 22.10.2026 Сумма 3170.00	FOOD_GOODS
377	07.11.2024	16400,00	За оказание услуг по договору №21В-01694 от 25.04.2028	SERVICE
378	07.11.2024	27000,00	Комиссия за выполнение функций агента валютного контроля по операциям в рамках контракта или кредитного обслуживания	BANK_SERVICE
379	07.11.2024	4440000.00	Оплата Дог №Е-00770/26 от 10.03.2024г, согл. Сч 0107-27 от 2024.06.13 оплата за сброс загрязняющих веществ	NOT_CLASSIFIED
380	07.11.2024	4870000.00	Долевое инвестирование в жилищное строительство	REALE_STATE
381	07.11.2024	3580-00	Оплата за Масло оливковое Global Village Classic для жарки 500мл по счету 77307950506012237115 от 29/01/2028г. Сумма 3580-00	FOOD_GOODS
382	07.11.2024	4040-00	Оплата за Оливковое масло по счету 13071791594022994761 от 17 января 2028г Сумма 4040-00	FOOD_GOODS
383	07.11.2024	2430-00	Оплата за Средство Cilit Bang Антижир и сияние 450мл по счету 89740240178888753089 от 07.12.2025г. Сумма 2430-00	NON_FOOD_GOODS
384	07.11.2024	2760.00	Оплата за Горошек Global Village Selection зеленый 400г по счету 22836196951571229455 от 22.12.2023г Сумма 2760.00	FOOD_GOODS
385	07.11.2024	14600.00	Оплата основного долга за период с 2027.11.20 по 12 апреля 2025г по Договору №02232В от 2028-01-17 с ОАО "Второй банк"	BANK_SERVICE
386	07.11.2024	4610,00	Оплата минеральной питьевой воды по счету 97541734003739928878 от 2026.02.28 Сумма 4610,00 без учета НДС	FOOD_GOODS
387	07.11.2024	2800000,00	Долевое инвестирование в жилищное строительство	REALE_STATE
388	07.11.2024	1500000,00	Оплата по договору №А04645 от 24.12.2025г, счету 0132 от 24.12.2025г за "Дымовские колбасы".Сумма 1500000,00 В т.ч. НДС 20% 250000,0	FOOD_GOODS
389	07.11.2024	15900-00	Выплата на содержание родных детей	TAX
390	07.11.2024	3150,00	Оплата за Торты и пирожные по счету 61022653303738256170 от 17/10/2028 Сумма 3150,00	FOOD_GOODS
391	07.11.2024	35600,00	За тур.поездку по договору №В02365/27 от 04.02.2023 г.	SERVICE
392	07.11.2024	860,00	Оплата за Паштет Гастроном №1 Фермерский печеночный с зеленью укропа 90г по счету 72860821049193749956 от 13 января 2024г Сумма 860,00	FOOD_GOODS
393	07.11.2024	3150-00	государственная пошлина	TAX
394	07.11.2024	25000.00	Лечение по договору №В-00774/73 от 13.05.2023	SERVICE
395	07.11.2024	15600.00	За информационные услуги по договору №В00142 от 29.08.2025г	SERVICE
396	07.11.2024	1770-00	Оплата гос. пошлины	TAX
397	07.11.2024	17400-00	За юридические услуги по договору №78-01311 от 04 января 2026	SERVICE
398	07.11.2024	1860.00	Оплата за Шоколад Milka молочный 80г по счету 32264527024643018966 от 07 июля 2028 г. Сумма 1860.00	FOOD_GOODS
399	07.11.2024	1840,00	Оплата за Семечки От Мартина отборные с солью 200г по счету 15289118526542791319 от 14.02.2027г Сумма 1840,00	FOOD_GOODS
400	07.11.2024	3780.00	Оплата за Бумажные полотенца и салфетки по счету 19253495362625092915 от 15.02.2027 г. Сумма 3780.00	NON_FOOD_GOODS
401	07.11.2024	36200.00	За юридические услуги по договору №47-00165А от 15.06.2028 г.	SERVICE
402	07.11.2024	4200-00	Оплата государственной пошлины	TAX
403	07.11.2024	4750.00	За гостиницу (Россия, г. Мытищи)	SERVICE
404	07.11.2024	13700.00	Частичная оплата по счету № 0345 от 18.02.2028 за костюмы ФаворитСумма 13700.00В т.ч. НДС(20%) 2283.33	NON_FOOD_GOODS
405	07.11.2024	3150000-00	Оплата по дог.финансовой аренды №6-00468/32 от 2024.11.29, акт приема-передачи 439 от 11.05.2024г. В т.ч. НДС(20%) 525000-00	LEASING
406	07.11.2024	510-00	Оплата гос. пошлины	TAX
407	07.11.2024	3700000,00	Предоставление кредита по договору №Е03722/09 от 20.07.2025г (приобретение транспортного средства)	BANK_SERVICE
408	07.11.2024	4020-00	Оплата за Гречка Агро-Альянс Экстра элитная 900г по счету 08243413414551093445 от 12 июля 2027 Сумма 4020-00	FOOD_GOODS
409	07.11.2024	47600.00	Оплата по сч. 0364 от 22/08/2027г. за абхазсие мандарины. Сумма 47600.00 В т.ч. НДС 20% - 7933.33	FOOD_GOODS
410	07.11.2024	4230,00	Оплата государственной пошлины	TAX
411	07.11.2024	1550.00	Оплата минеральной питьевой воды по счету 95082752575585129128 от 17 апреля 2025г Сумма 1550.00 без учета НДС	FOOD_GOODS
412	07.11.2024	6100.00	За медицинское обслуживание по договору №Е01964/14 от 02 октября 2026г	SERVICE
413	07.11.2024	1600.00	Оплата за Мороженое по счету 02391578400190545332 от 2023.02.22 Сумма 1600.00	FOOD_GOODS
414	07.11.2024	42900.00	За транспортировку, перевозка грузовым транспортом из г. Сыктывкар в г. Тюмень по договору №71-04585В от 20 ноября 2023	SERVICE
415	07.11.2024	3270000,00	Оплата по договору процентного займа №50-04509 от 08.09.2024. Без НДС	LOAN
416	07.11.2024	1700.00	Оплата гос. услуги	TAX
417	07.11.2024	1920-00	Оплата за Дезодорант Seasons для обуви 100мл по счету 45375890922531679621 от 12.05.2024 г. Сумма 1920-00	NON_FOOD_GOODS
418	07.11.2024	49600-00	Доплата по счету №В-00688/65 от 13 марта 2025г аренда помещения в октября 2024 г. Договор №03196В от 13 сентября 2023г	REALE_STATE
419	07.11.2024	15400.00	Выплата на содержание родных детей	TAX
420	07.11.2024	1280000-00	Оплата по договору процентного займа №В-04318/75 от 25.11.2024г. Без НДС	LOAN
421	07.11.2024	800-00	Оплата налогов	TAX
422	07.11.2024	3020000.00	Оплата по договору процентного займа 83.279193-БЕ от 13.03.2023. Без НДС	LOAN
423	07.11.2024	4650.00	Комиссия за справку о наличии (отсутствии) ссудной задолженности по письменному запросу клиента	BANK_SERVICE
424	07.11.2024	3110,00	государственная пошлина	TAX
425	07.11.2024	2930000.00	Оплата по договору процентного займа №53В-03913 от 15.05.2023г.. Без НДС	LOAN
426	07.11.2024	3340000,00	Окончательный расчет по акту приема-передачи №0669 от 28/09/2024 (договор лизинга №Д00222/38 от 13/05/2025г.). В т.ч. НДС(20%) 556666,66	LEASING
427	07.11.2024	15200-00	Счет на оплату № 0125 от 10.06.2024г.МКР для фильтрпресса. Сумма 15200-00В т.ч. НДС(20%) 2533-33	NON_FOOD_GOODS
428	07.11.2024	34800,00	Оказание прочих услуг	SERVICE
429	07.11.2024	1910.00	Перевод собственных средств себе	NOT_CLASSIFIED
430	07.11.2024	1250000,00	Долевое инвестирование в жилищное строительство	REALE_STATE
431	07.11.2024	1730,00	Комиссия за организацию сделки по дог. лизинга №40Б-02060. Сумма 17/12/2025г., в т.ч. НДС 20% 1730,00	LEASING
432	07.11.2024	3840-00	Комиссия за открытие счета согласно Тарифам АКБ "Первый банк" (АО). НДС не облагается.	BANK_SERVICE
433	07.11.2024	24200-00	За юридические услуги по договору №81-00986 от 25.05.2027г.	SERVICE
434	07.11.2024	9500,00	Оплата по сч. 0718 от 08.12.2027 г. за абхазсие мандарины. Сумма 9500,00 В т.ч. НДС 20% - 1583,33	FOOD_GOODS
435	07.11.2024	5000,00	Оплата за Набор Bodyart бомбочек для ванн 360г по счету 49133267420415631770 от 17/11/2025 Сумма 5000,00	NON_FOOD_GOODS
436	07.11.2024	12000.00	Счет на оплату № 0499 от 07.12.2023гг.МКР для фильтрпресса. Сумма 12000.00В т.ч. НДС(20%) 2000.0	NON_FOOD_GOODS
437	07.11.2024	3400-00	Оплата за Крем универсальный EVO Пантенол 46мл по счету 69288131920558067630 от 27.12.2023г. Сумма 3400-00	NON_FOOD_GOODS
438	07.11.2024	11400.00	За участие в конференции в г. Пушкино по договору №03303Е от 13 декабря 2028г	SERVICE
439	07.11.2024	2530000.00	Предоставление кредита по договору №59-01844Г от 22.12.2028 г. (приобретение товаров длительного пользования)	BANK_SERVICE
440	07.11.2024	16000-00	За медицинское обслуживание по договору №Г00120/72 от 31/05/2024г.	SERVICE
441	07.11.2024	39400,00	Комиссия за выполнение функций агента валютного контроля по операциям в рамках контракта или кредитного обслуживания	BANK_SERVICE
442	07.11.2024	3660,00	Оплата за Салфетки Tolli Classic бумажные универсальные в ассортименте 100шт. по счету 29061504475807248351 от 22/09/2023 Сумма 3660,00	NON_FOOD_GOODS
443	07.11.2024	8900-00	Оплата минеральной питьевой воды по счету 65461087547739105325 от 2024-10-10 Сумма 8900-00 без учета НДС	FOOD_GOODS
444	07.11.2024	510-00	государственная пошлина	TAX
445	07.11.2024	1300,00	Оплата государственной пошлины	TAX
446	07.11.2024	26500-00	Комиссия АКБ "Первый банк" (АО) за изготовление по запросу клиента ведомости банковского контроля по операциям в рамках контракта	BANK_SERVICE
447	07.11.2024	1490000-00	Оплата по дог.финансовой аренды №035 от 06/02/2024, акт приема-передачи 731 от 22 декабря 2024 г.. В т.ч. НДС(20%) 248333-33	LEASING
448	07.11.2024	17300-00	За участие в конференции в г. Йошкар-Ола по договору №1-01804/01 от 28.03.2026г.	SERVICE
449	07.11.2024	2770-00	Оплата за Тушка цыпленка охлажденная по счету 42529145467323612232 от 16.07.2024г. Сумма 2770-00	FOOD_GOODS
450	07.11.2024	35900.00	За транспортировку, перевозка ж/д транспортом из г. Химки в г. Чита по договору №Д-04716/27 от 23.02.2026	SERVICE
451	07.11.2024	4660000.00	Пополнение оборотных средств. НДС не облагается.	NOT_CLASSIFIED
452	07.11.2024	1860.00	Комиссия за открытие счета согласно Тарифам АКБ "Первый банк" (АО). НДС не облагается.	BANK_SERVICE
453	07.11.2024	33100.00	Оплата по счету 0988 от 14 мая 2026г за Red Bull. Сумма 33100.00 без учета НДС	FOOD_GOODS
454	07.11.2024	1840,00	Оплата за кофе в зернах по счету 93830563079859950374 от 30.09.2026г. Сумма 1840,00 в т.ч. НДС 20% 306,66	FOOD_GOODS
455	07.11.2024	1620.00	Консульские сборы	TAX
456	07.11.2024	990-00	Оплата за Полотенца бумажные Papia 3 слоя по счету 55915116011123284893 от 2023-06-22 Сумма 990-00	NON_FOOD_GOODS
457	07.11.2024	1550,00	Оплата за Пшено шлифованное 1 сорт 900г по счету 71141198565494955044 от 28 января 2024 г. Сумма 1550,00	FOOD_GOODS
458	07.11.2024	4030-00	Оплата государственной пошлины	TAX
459	07.11.2024	4310.00	За гостиницу (Россия, г. Коломна)	SERVICE
460	07.11.2024	1710000-00	Оплата по дог.финансовой аренды №86-01193Г от 01 июля 2025, акт приема-передачи 907 от 2024.07.18. В т.ч. НДС(20%) 285000-00	LEASING
461	07.11.2024	1830,00	гос.услуга	TAX
462	07.11.2024	2910.00	Оплата налогов	TAX
463	07.11.2024	3550000-00	Окончательный расчет по акту приема-передачи №0932 от 28.07.2024г (договор лизинга №120 от 21.01.2023). В т.ч. НДС(20%) 591666-66	LEASING
464	07.11.2024	36100,00	За транспортировку, перевозка по железной дороге из г. Бердск в г. Владикавказ по договору №Д01080/23 от 26.04.2023 г.	SERVICE
465	07.11.2024	620000-00	Оплата по счету № 0331 от 29.08.2027г. за аренду помещения по договору субаренды №245 от 09/02/2022г.	REALE_STATE
466	07.11.2024	10300-00	За юридические услуги по договору №98-02627Г от 18/09/2024	SERVICE
467	07.11.2024	2000.00	Оплата процентов за период с 07/05/2027 по 2028-02-22 по Договору №8-02225/88 от 27.10.2024г.	BANK_SERVICE
468	07.11.2024	3670000,00	Оплата по договору №26Е-04514 от 14.05.2028г.. сырье для пвадСумма 3670000,00В т.ч. НДС(20%) 611666,66	NON_FOOD_GOODS
469	07.11.2024	46300.00	Покупка непродовольственных товаров (не связано с предпринимательской деятельностью)	NON_FOOD_GOODS
470	07.11.2024	2120-00	Оплата за Порошок стиральный Миф 3в1 Морозная свежесть автомат 2кг по счету 11995648714652376739 от 2028.12.17 Сумма 2120-00	NON_FOOD_GOODS
471	07.11.2024	2110,00	За гостиницу (Россия, г. Махачкала)	SERVICE
472	07.11.2024	31900,00	За доставку по железной дороге из г. Копейск в г. Волжский по договору №29-01625 от 26.12.2026г	SERVICE
473	07.11.2024	69000000,00	Возврат денежных средств по договору займа №78Д-01017 от 30.06.2024. Без НДС	LOAN
474	07.11.2024	950.00	Оплата за Сумка-тележка на колесах 85х33х27.5см по счету 98790895749845720235 от 17.03.2027г. Сумма 950.00	NON_FOOD_GOODS
475	07.11.2024	32000-00	За информационные услуги по договору №155 от 10.12.2028г.	SERVICE
476	07.11.2024	4420.00	Оплата за Лапша Доширак Квисти быстрого приготовления со вкусом курицы 70г по счету 67239605404423927239 от 21.04.2023 Сумма 4420.00	FOOD_GOODS
477	07.11.2024	1540000,00	Оплата по договору процентного займа №293 от 12.12.2024. Без НДС	LOAN
478	07.11.2024	14000.00	Лечение по договору №310 от 30 января 2025 г.	SERVICE
479	07.11.2024	4650000,00	Оплата по договору процентного займа №Д03613 от 14 января 2023 г.. Без НДС	LOAN
480	07.11.2024	23400,00	За транспортировку, перевозка ж/д транспортом из г. Мытищи в г. Миасс по договору №В04598/13 от 21/01/2028г.	SERVICE
481	07.11.2024	2870000,00	Оплата за запасные части для оборудования по счету №0324 от 14.02.2024г; Договор №47-00175 от 03.02.2025г	NON_FOOD_GOODS
482	07.11.2024	1220000-00	Оплата по договору процентного займа №Е00036 от 01.03.2024. Без НДС	LOAN
483	07.11.2024	37000-00	Комиссия за выполнение функций агента валютного контроля по операциям в рамках контракта или кредитного обслуживания	BANK_SERVICE
484	07.11.2024	44800.00	Оплата по сч. 0215 от 08.10.2028г за пищев. добавку (890,50 ев.) курс 104,4016. В т.ч. НДС 20% - 15 494,94	FOOD_GOODS
485	07.11.2024	2140.00	Оплата за Корона Seasons диадема в ассортименте по счету 90445122349341333455 от 16.07.2027г Сумма 2140.00	NON_FOOD_GOODS
486	07.11.2024	3320,00	Комиссия за срочные платежи в валюте Российской Федерации на счета в другие кредитные организации	BANK_SERVICE
487	07.11.2024	1350-00	Оплата за Макароны Makfa улитки 450г по счету 81402545712414614342 от 13/06/2025г. Сумма 1350-00	FOOD_GOODS
488	07.11.2024	4780-00	Оплата гос. услуги	TAX
489	07.11.2024	18700.00	За юридические услуги по договору №13-01400 от 26 июня 2026 г.	SERVICE
490	07.11.2024	288000000,00	Приобретение недвижимости по адресу г. Сергиев Посад, Заслонова ул., д. 16 по договору №83-00958В от 09.11.2025	REALE_STATE
491	07.11.2024	1470000.00	0й лизинговый платеж по договору №Г01110 от 18/08/2023г.. В т.ч. НДС(20%) 245000.0	LEASING
492	07.11.2024	4990,00	Оплата за кофе в зернах по счету 26387452935085750430 от 07.10.2025 г. Сумма 4990,00 в т.ч. НДС 20% 831,66	FOOD_GOODS
493	07.11.2024	1770.00	Оплата за Восточные сладости, халва по счету 11222115441595270142 от 01/12/2027 Сумма 1770.00	FOOD_GOODS
494	07.11.2024	24600-00	Лечение по договору №Г-02225/14 от 14/03/2024г.	SERVICE
495	07.11.2024	11000,00	За транспортировку, перевозка водным транспортом из г. Королёв в г. Люберцы по договору №Б-01190/94 от 22.06.2026г	SERVICE
496	07.11.2024	2610.00	Оплата налогов	TAX
497	07.11.2024	31200-00	Комиссия за выполнение функций агента валютного контроля по операциям в рамках контракта или кредитного обслуживания	BANK_SERVICE
498	07.11.2024	18200-00	За тур.поездку по договору №75-04243Г от 24/04/2024	SERVICE
499	07.11.2024	2870000,00	Оплата по договору №095 от 24.02.2025г, счету 0127 от 24.02.2025г за "Дымовские колбасы".Сумма 2870000,00 В т.ч. НДС 20% 478333,33	FOOD_GOODS
500	07.11.2024	2210-00	Оплата коммунальных услуг	SERVICE
